product_id,product_name,category,marque,code_barre,nutriscore_grade,nutriscore_score,energie_en_kcal,energy_kj,saturated_fat,sugar,sodium_mg,sodium_g,protein,fiber,fruits_veg_nuts_pct,ecoscore_grade,ecoscore_score,is_organic,additives_count,liste_additifs,categories,url
P001,Jogurt Bifidus Nature,yaourt,Coop Naturaplan,7610848395140,A,-1,57,240,0.899999976,6,40,0.04,5,0,0,A,87,Oui,0,Aucun,"Produits laitiers, Produits fermentés, Desserts, Produits laitiers fermentés, Desserts lactés, Desserts lactés fermentés, Yaourts, Desserts lactés fermentés nature, Yaourts natures",https://fr.openfoodfacts.org/produit/7610848395140
P002,Yaourt nature au lait de brebis,yaourt,Naturalia,3700036902633,A,0,67,280,2.2,3,52,0.052,5.5,0.5,0,A,87,Oui,0,Aucun,"Produits laitiers,Produits fermentés,Produits laitiers fermentés,Desserts,Desserts lactés,Desserts lactés fermentés,Yaourts,Desserts lactés fermentés nature,Yaourts natures,Yaourts au lait de brebis,Yaourts au lait de brebis nature",https://fr.openfoodfacts.org/produit/3700036902633
P003,Yaourt Grec Vache Bio 2% MG,yaourt,Mavrommatis,3700286929336,A,-1,70,293,1.3,3.8,44,0.044,9.2,0,0,A,87,Oui,0,Aucun,"Produits laitiers, Produits fermentés, Desserts, Produits laitiers fermentés, Desserts lactés, Desserts lactés fermentés, Yaourts, Desserts lactés fermentés nature, Yaourts natures, Yaourts au lait de vache, Yaourts à la grecque",https://fr.openfoodfacts.org/produit/3700286929336
P004,Yaourt Nature Maigre,yaourt,Bernard gaborit,3438860001184,A,0,35,146,0,2.81,84,0.084,4.11,0,0,A,87,Oui,0,Aucun,"Produits laitiers,Produits fermentés,Produits laitiers fermentés,Desserts,Desserts lactés,Desserts lactés fermentés,Yaourts,Desserts lactés fermentés nature,Yaourts natures,Yaourts allégés en matière grasse",https://fr.openfoodfacts.org/produit/3438860001184
P005,Carrefour Bio Yaourt Nature Maigre,yaourt,"Carrefour BIO, Carrefour",5400101071742,A,0,46,193,0.5,5.2,60,0.06,4.2,0.5,0,A,87,Oui,0,Aucun,"Produits laitiers, Produits fermentés, Desserts, Produits laitiers fermentés, Desserts lactés, Desserts lactés fermentés, Yaourts, Desserts lactés fermentés nature, Yaourts natures, PLS/UF-BASIC-JUS FRAIS",https://fr.openfoodfacts.org/produit/5400101071742
P006,Yaourts aux Fruits 0% de Matières Grasses,yaourt,"Lidl, envia",4056489369356,A,0,48,201,0.1,5.6,80,0.08,4.5,0.5,11.16666667,A,80,Non,11,"en:e14xx, en:e160c, en:e161b, en:e163, en:e330, en:e331, en:e332, en:e412, en:e440, en:e950, en:e951","Dairies,Fermented foods,Fermented milk products,Desserts,Dairy desserts,Fermented dairy desserts,Fermented dairy desserts with fruits,Yogurts,Fruit yogurts,Fruit yogurts with fruit chunks,Low-fat yogurts,fr:yaourts-multifruits",https://fr.openfoodfacts.org/produit/4056489369356
P007,Yaourt Fruits 0%,yaourt,Delhaize,5400112131305,A,0,52,218,0.02,7.6,52,0.052,4.08,1.6,50.8,B,68,Non,7,"en:e1200, en:e14xx, en:e412, en:e415, en:e440, en:e950, en:e955","Produits laitiers,Produits fermentés,Produits laitiers fermentés,Desserts,Desserts lactés,Desserts lactés fermentés,Desserts lactés fermentés aux fruits,Yaourts,Yaourts aux fruits,Yaourts aux fruits avec morceaux,Yaourts allégés en matière grasse",https://fr.openfoodfacts.org/produit/5400112131305
P008,Free Peach Passion Fruit 0% Fat & 0% Added Sugar Yogurt 4 x,yaourt,"Danone, Light & Free",5060360501819,A,0,47,197,0.087,6.17,58.3,0.0583,4.35,0.174,0,B,64,Non,6,"en:e160c, en:e270, en:e331, en:e407, en:e950, en:e955","Produits laitiers, Produits fermentés, Desserts, Produits laitiers fermentés, Desserts lactés, Desserts lactés fermentés, Desserts lactés fermentés aux fruits, Yaourts, Yaourts aux fruits, Yaourts allégés en matière grasse, Yaourts à la poire",https://fr.openfoodfacts.org/produit/5060360501819
P009,Danone ALPRO® Joghurt Soja Natur 400g,yaourt,Alpro,5411188137979,A,0,51,216,0.4,2.2,96,0.096,4,0.9,10.7,A,77,Non,5,"en:e304, en:e306, en:e330, en:e331, en:e440","Pflanzliche Lebensmittel und Getränke, Milchprodukte, Fermentierte Lebensmittel, Fermentierte Milch, en:Dairy substitutes, Desserts, Milchnachspeisen, Milchfreie Nachtische, Fermentierte Lebensmittel ohne Milch, en:Fermented dairy desserts, Pflanzenbasierte Joghurts, Sojajoghurt, Joghurt, Einfacher Soja-Joghurt",https://fr.openfoodfacts.org/produit/5411188137979
P010,Fruits 0%,yaourt,Milsani,26050263,A,0,48,202,0.1,5.6,80,0.08,4.5,0.5,9.268880208,A,86,Non,5,"en:e14xx, en:e331, en:e440, en:e950, en:e955","Produits laitiers, Produits fermentés, Desserts, Produits laitiers fermentés, Desserts lactés, Desserts lactés fermentés, Desserts lactés fermentés aux fruits, Yaourts, Yaourts aux fruits",https://fr.openfoodfacts.org/produit/26050263
P011,HIPRO + Mangue Passion,yaourt,Danone,3033491976551,A,-2,56,234,0.1,3.9,48,0.048,9.5,0,10.35,B,64,Non,4,"en:e14xx, en:e440, en:e950, en:e955","Dairies, Fermented foods, Fermented milk products, Desserts, Dairy desserts, Fermented dairy desserts, Yogurts, en:fruit-yogurts",https://fr.openfoodfacts.org/produit/3033491976551
P012,High protein mango,yaourt,Pilos,4056489814788,A,-2,51,214,0.1,4,40,0.04,7.4,0.5,4,B,74,Non,3,"en:e14xx, en:e950, en:e955","Zuivelproducten,Gefermenteerde levensmiddelen,Gefermenteerde zuivelproducten,Desserts,Desserts op basis van melk,Gefermenteerde melkdesserts,en:Fromages blancs - petit suisses and skyr,Yoghurts,fr:Fromages blancs",https://fr.openfoodfacts.org/produit/4056489814788
P013,High Protein Raspberry Quark,yaourt,Pilos,4056489216223,A,-5,70,295,0.4,3.2,56,0.056,12.5,0,7.4921875,A,86,Non,3,"en:e410, en:e950, en:e955","Produits laitiers,Produits fermentés,Produits laitiers fermentés,Desserts,Desserts lactés,Desserts lactés fermentés,Desserts lactés fermentés aux fruits,Yaourts,Yaourts aux fruits,Quarks,Quarks aux fruits",https://fr.openfoodfacts.org/produit/4056489216223
P014,Kvarg Vanilla,yaourt,Lindahl's,3023290018415,A,-4,54,226,0.133,3.13,39.3,0.0393,10,0,0,B,74,Non,3,"en:e330, en:e950, en:e951","Dairies, Fermented foods, Desserts, Fermented milk products, Dairy desserts, Fermented dairy desserts, Yogurts",https://fr.openfoodfacts.org/produit/3023290018415
P015,Ferme et  Fondant Saveur Vanille,yaourt,"Nestlé, Sveltesse",3023291169031,A,0,37,155,0,4.3,80,0.08,4.4,0,0,B,70,Non,3,"en:e428, en:e950, en:e951","Dairies, Fermented foods, Fermented milk products, Desserts, Dairy desserts, Fermented dairy desserts, fr:Spécialités laitières, en:yogurts",https://fr.openfoodfacts.org/produit/3023291169031
P016,FRUITS avec morceaux,yaourt,Carrefour,3560070802241,A,0,42,177,0.1,5.3,64,0.064,4.4,0.7,13.75,A,88,Non,3,"en:e440, en:e950, en:e955","Produits laitiers, Produits fermentés, Desserts, Produits laitiers fermentés, Desserts lactés, Desserts lactés fermentés, Desserts lactés fermentés aux fruits, Yaourts, Yaourts aux fruits, Yaourts aux fruits avec morceaux",https://fr.openfoodfacts.org/produit/3560070802241
P017,Carrefour Sensation Skyr Vanille 0% M.G.,yaourt,Carrefour Sensation,5400101078680,A,-1,75,320,0,8.7,40,0.04,9.3,0,3.79,B,64,Non,2,"en:e14xx, en:e330","Fromage frais maigre à la vanille, Produits laitiers, Produits fermentés, Produits laitiers fermentés, Desserts, Desserts lactés, Desserts lactés fermentés, Desserts lactés fermentés aux fruits, Yaourts, Yaourts aux fruits, PLS/UF-BASIC-JUS FRAIS",https://fr.openfoodfacts.org/produit/5400101078680
P018,Fromage frais,yaourt,Tesco,5057545877791,A,-1,76,318,0.9,6.7,40,0.04,5.9,0.3,12.5,B,71,Non,2,"en:e330, en:e331","Dairies, Fermented foods, Fermented milk products, Desserts, Dairy desserts, Fermented dairy desserts, Fermented dairy desserts with fruits, Fromages blancs - petit suisses and skyr, Yogurts, Fruit yogurts, fr:Fromages blancs, en:cheeses",https://fr.openfoodfacts.org/produit/5057545877791
P019,Yaourt vanille protéiné,yaourt,Leclerc,3564706767522,A,-3,49.4,209,0.125,2.62,40,0.04,9.38,0,0.2840625,B,72,Non,2,"en:e950, en:e955","Dairies,Fermented foods,Fermented milk products,Desserts,Dairy desserts,Fermented dairy desserts,Yogurts,Vanilla yogurt,fr:yaourt protéine",https://fr.openfoodfacts.org/produit/3564706767522
P020,لينيا,yaourt,Jaouda,6111242101852,A,-2,48,201,0,0,0,0,4.9,0,0,B,67,Non,1,en:e955,"Dairies, Fermented foods, Fermented milk products, Desserts, Dairy desserts, Fermented dairy desserts, en:yogurts",https://fr.openfoodfacts.org/produit/6111242101852
P021,Skyr | Natural Fat Free | 0% Fat,yaourt,Arla,4016241030573,A,-3,60,251.04,0.1,4,55,0.055,10,0,0,A,85,Non,0,Aucun,"Dairies, Fermented foods, Fermented milk products, Desserts, Dairy desserts, Fermented dairy desserts, Plain fermented dairy desserts, Skyrs, Plain skyrs, en:plain-yogurts",https://fr.openfoodfacts.org/produit/4016241030573
P022,Soumam nature,yaourt,Soummam 25da,6130760000102,A,0,48,202.56,1.24,0,44,0.044,3.5,0,0,B,71,Non,0,Aucun,"Produits laitiers,Produits fermentés,Produits laitiers fermentés,Desserts,Desserts lactés,Desserts lactés fermentés,Yaourts,Desserts lactés fermentés nature,Yaourts natures",https://fr.openfoodfacts.org/produit/6130760000102
P023,Skyr Icelandic Style Strawberry Yogurt,yaourt,Arla,4016241030580,A,-2,68,284.512,0.1,6.8,47,0.047,8.5,0,7.109375,B,72,Non,0,Aucun,"Dairies, Fermented foods, Desserts, Fermented milk products, Cheeses, Dairy desserts, Fermented dairy desserts, Fermented dairy desserts with fruits, Yogurts, Fruit yogurts, Skyrs, Cream cheeses",https://fr.openfoodfacts.org/produit/4016241030580
P024,Yaourt au lait de chèvre,yaourt,Chergui,6111126002022,A,-1,63,264,0.1,0,0,0,4,0,0,B,68,Non,0,Aucun,"Produits laitiers,Produits fermentés,Produits laitiers fermentés,Desserts,Desserts lactés,Desserts lactés fermentés,Yaourts,Desserts lactés fermentés nature,Yaourts natures,Yaourts au lait de chèvre,Yaourts de chèvre nature",https://fr.openfoodfacts.org/produit/6111126002022
P025,Fat Free Greek Yogurt,yaourt,Asda,5052449330625,A,0,66,278,0.1,8,64,0.064,7,0.5,0,B,72,Non,0,Aucun,"Dairies, Fermented foods, Fermented milk products, Desserts, Dairy desserts, Fermented dairy desserts, Yogurts, Low-fat yogurts, en:greek-style-yogurts",https://fr.openfoodfacts.org/produit/5052449330625
P026,Organic low fat yogurt - French vanilla,yaourt,M&S,508056,B,1,64.7,271,0.588,9.41,55.9,0.0559,3.53,0,0,B,67,Oui,1,en:e440,"Plant-based foods and beverages, Plant-based foods, Dairies, Fermented foods, Fruits and vegetables based foods, Desserts, Fermented milk products, Dairy desserts, Fruits based foods, Fermented dairy desserts, Fruits, Yogurts, Pomegranates",https://fr.openfoodfacts.org/produit/00508056
P027,Yogurt mirtillo biologico magro,yaourt,"Coop, viviverde",8001120725110,B,2,78,331,0.1,14,40,0.04,3.7,0.7,0,A,85,Oui,1,en:e440,"Produits laitiers,Produits fermentés,Produits laitiers fermentés,Desserts,Desserts lactés,Desserts lactés fermentés,Desserts lactés fermentés aux fruits,Yaourts,Yaourts aux fruits,Yaourts à la myrtille,Yaourts allégés en matière grasse",https://fr.openfoodfacts.org/produit/8001120725110
P028,Low Fat Bio Strawberry And Vanilla Yogurt,yaourt,Glenisk,5099749001916,B,2,62,262,1.2,7.2,36,0.036,2.6,0,0.35546875,B,64,Oui,1,en:e440,"Dairies, Fermented foods, Desserts, Fermented milk products, Dairy desserts, Fermented dairy desserts, Fermented dairy desserts with fruits, Yogurts, Fruit yogurts, Strawberry yogurts",https://fr.openfoodfacts.org/produit/5099749001916
P029,Yaourt aux figues,yaourt,Beillevaire,3483130044170,B,2,76,318,1.5,8.9,48,0.048,3.7,0,6.5,A,84,Oui,1,en:e440,"Produits laitiers, Produits fermentés, Desserts, Produits laitiers fermentés, Desserts lactés, Desserts lactés fermentés, Desserts lactés fermentés aux fruits, Yaourts, Yaourts aux fruits, Yaourts aux figues",https://fr.openfoodfacts.org/produit/3483130044170
P030,Organic Vanilla Nonfat Yogurt,yaourt,Stonyfield,52159000073,B,1,64.7,271,0,10,61.8,0.0618,4.12,0,0,B,72,Oui,1,en:e440,"Dairies, Fermented foods, Desserts, Fermented milk products, Dairy desserts, Fermented dairy desserts, Yogurts",https://fr.openfoodfacts.org/produit/0052159000073
P031,Brassé Nature,yaourt,Popote,3760262841359,B,1,65,272,2.2,2.2,32,0.032,2.6,0.5,3.05,A,87,Oui,1,en:e440,"Produits laitiers, Produits fermentés, Produits laitiers fermentés, Desserts, Desserts lactés, Desserts lactés fermentés, Yaourts, Desserts lactés fermentés nature, Yaourts natures, Yaourts brassés, Yaourts brassés nature, Surgelés",https://fr.openfoodfacts.org/produit/3760262841359
P032,Low Fat Bio Organic Natural Live Yogurt,yaourt,Glenisk,5099749001893,B,1,53,224,1.5,3.8,40,0.04,3.2,0.5,0,A,88,Oui,0,Aucun,"Dairies,Fermented foods,Fermented milk products,Desserts,Dairy desserts,Fermented dairy desserts,Yogurts,Plain fermented dairy desserts,Plain yogurts,Cow milk yogurts,Low-fat yogurts",https://fr.openfoodfacts.org/produit/5099749001893
P033,Yogur natural ecológico,yaourt,Pur natur,5412971116652,B,2,72,301,2.4,5.1,40,0.04,4.3,0,0,B,67,Oui,0,Aucun,"Laticínios, Alimentos Fermentados, Sobremesas, Produtos lácteos fermentados, Sobremesas de laticínios, en:Fermented dairy desserts, Iogurtes, en:Plain fermented dairy desserts, Iogurtes naturales",https://fr.openfoodfacts.org/produit/5412971116652
P034,Le Brassé au lait entier Nature,yaourt,"Auchan, Auchan Bio, Groupe Auchan",3596710481255,B,2,67,279,2.2,4.7,52,0.052,4.3,0.5,0,A,88,Oui,0,Aucun,"Dairies,Fermented foods,Fermented milk products,Desserts,Dairy desserts,Fermented dairy desserts,Yogurts,Plain fermented dairy desserts,Plain yogurts,Stirred yogurts,Plain stirred yogurts,Whole milk yogurts",https://fr.openfoodfacts.org/produit/3596710481255
P035,Yaourt brasse nature bio 8x125,yaourt,Pâturages,3250391961993,B,2,67,279,2.3,4.5,52,0.052,4,0,0,A,87,Oui,0,Aucun,"Produits laitiers, Produits fermentés, Desserts, Produits laitiers fermentés, Desserts lactés, Desserts lactés fermentés, Yaourts, Desserts lactés fermentés nature, Yaourts natures, Yaourts brassés, Yaourts au lait de vache, Yaourts brassés nature, Yaourts et laits fermentes nature non sucres classiques",https://fr.openfoodfacts.org/produit/3250391961993
P036,Yaourt Aux Fruits 0% MG,yaourt,Bernard Gaborit,3438860001146,B,1,59,247,0,7.79,40,0.04,3.64,0,12,A,89,Oui,0,Aucun,"Produits laitiers, Produits fermentés, Desserts, Produits laitiers fermentés, Desserts lactés, Desserts lactés fermentés, Desserts lactés fermentés aux fruits, Yaourts, Yaourts aux fruits",https://fr.openfoodfacts.org/produit/3438860001146
P037,"Joghurt 3,8% Fett cremig gerührt",yaourt,K-Bio,4337185017599,B,1,75,314,2.4,4.7,60,0.06,5,0,0,A,87,Oui,0,Aucun,"Produits laitiers, Produits fermentés, Produits laitiers fermentés, Desserts, Desserts lactés, Desserts lactés fermentés, Yaourts",https://fr.openfoodfacts.org/produit/4337185017599
P038,Yaourt sans lactose,yaourt,Okologische molkereien allgau,7611613001419,B,2,70,290,2.1,4.8,44,0.044,4.5,0,0,A,87,Oui,0,Aucun,"Produits laitiers, Produits fermentés, Desserts, Produits laitiers fermentés, Desserts lactés, Desserts lactés fermentés, Yaourts, Yaourts sans lactose",https://fr.openfoodfacts.org/produit/7611613001419
P039,Volle yoghurt,yaourt,Delhaize,5400119516983,B,1,61,255,1.7,4.7,52,0.052,4,0.5,0,B,67,Oui,0,Aucun,"Produits laitiers, Produits fermentés, Desserts, Produits laitiers fermentés, Desserts lactés, Desserts lactés fermentés, Yaourts, Yaourts entiers",https://fr.openfoodfacts.org/produit/5400119516983
P040,Organic Natural Yogurt,yaourt,SuperValu,5099839296543,B,2,72,299,2.8,3.4,92,0.092,3.4,0,0,A,87,Oui,0,Aucun,Whole milk yogurts,https://fr.openfoodfacts.org/produit/5099839296543
P041,Bio Yoghurt Vol,yaourt,Delhaize Bio,5400119516969,B,1,65,272,1.7,5.4,51,0.051,4.2,0,0,B,67,Oui,0,Aucun,"Dairies, Fermented foods, Fermented milk products, Desserts, Dairy desserts, Fermented dairy desserts, Yogurts, en:plain-yogurts",https://fr.openfoodfacts.org/produit/5400119516969
P042,Total strained yoghourt 10%,yaourt,Fage,5201054002087,B,2,96,402,3.6,3.8,40,0.04,9,0,0,B,67,Oui,0,Aucun,"Dairies, Fermented foods, Fermented milk products, Desserts, Dairy desserts, Fermented dairy desserts, Yogurts, en:greek-style-yogurts",https://fr.openfoodfacts.org/produit/5201054002087
P043,Bifidus Vollmilchjogurt nature BIO,yaourt,Coop Naturaplan,7610807064056,B,2,76,320,2.299999952,6,40,0.04,4.5,0,0,A,87,Oui,0,Aucun,"Produits laitiers, Produits fermentés, Desserts, Produits laitiers fermentés, Desserts lactés, Desserts lactés fermentés, Yaourts, Yaourts au Bifidus",https://fr.openfoodfacts.org/produit/7610807064056
P044,Le yaourt brassé bio nature,yaourt,Franprix,3263859707910,B,2,71,297,2.7,4.4,40,0.04,4.2,0,0,A,87,Oui,0,Aucun,"Produits laitiers, Produits fermentés, Desserts, Produits laitiers fermentés, Desserts lactés, Surgelés, Desserts lactés fermentés, Yaourts, Desserts lactés fermentés nature, Yaourts natures, Yaourts brassés, Yaourts brassés nature",https://fr.openfoodfacts.org/produit/3263859707910
P045,"Yaourt Gros Lait FERME DE KERHEU, pot de",yaourt,Ferme de kerheu,3373203546185,B,2,63,264,2.1,4.7,0,0,4.1,0,0,A,87,Oui,0,Aucun,en:yogurts,https://fr.openfoodfacts.org/produit/3373203546185
P046,Yaourt à boire nature BIO YOgourmand,yaourt,YOgourmand,2000000078028,B,0,48,201,1.2,3.9,48,0.048,3.6,0,0,C,58,Oui,0,Aucun,Yaourts à boire sans sucres,https://fr.openfoodfacts.org/produit/2000000078028
P047,Biologische vanille yoghurt 2%,yaourt,Albert Heijn,8718907073790,B,2,68,285,1.1,9.6,52,0.052,3.7,0,0,A,87,Oui,0,Aucun,en:vanilla-yogurt,https://fr.openfoodfacts.org/produit/8718907073790
P048,Yogurt Magro Mirtillo,yaourt,BioMu,8022689004249,B,2,77,322.168,0.5,14,40,0.04,3.1,0,0,A,87,Oui,0,Aucun,"Produits laitiers, Produits fermentés, Desserts, Produits laitiers fermentés, Desserts lactés, Desserts lactés fermentés, Yaourts",https://fr.openfoodfacts.org/produit/8022689004249
P049,Ladid fraise,yaourt,Jaouda,6111242105669,B,2,95,397.48,0,9.4,0,0,3.2,0,0,B,64,Non,0,Aucun,"ar:b, en:fruit-yogurts",https://fr.openfoodfacts.org/produit/6111242105669
P050,Skyr,yaourt,Yoplait,3329770082359,B,1,83,347.272,0.1,11.1,48,0.048,7.8,0,13.5,B,71,Non,0,Aucun,"Produits laitiers,Produits fermentés,Produits laitiers fermentés,Desserts,Desserts lactés,Desserts lactés fermentés,Desserts lactés fermentés aux fruits,Yaourts,Yaourts aux fruits,Skyrs",https://fr.openfoodfacts.org/produit/3329770082359
P051,Yaourt brassé nature,yaourt,Envia,4056489545699,B,2,64,267.776,2.2,4.7,60,0.06,3.9,0,0,B,71,Non,0,Aucun,"Produits laitiers,Produits fermentés,Produits laitiers fermentés,Desserts,Desserts lactés,Desserts lactés fermentés,Yaourts,Desserts lactés fermentés nature,Yaourts natures,Yaourts brassés,Yaourts brassés nature",https://fr.openfoodfacts.org/produit/4056489545699
P052,Skyr & céréales,yaourt,Siggi's,3023290069462,B,1,93,389.112,1.4,8.5,40,0.04,9,0,0.3375,B,67,Non,0,Aucun,"Produits laitiers,Produits fermentés,Produits laitiers fermentés,Desserts,Desserts lactés,Desserts lactés fermentés,Yaourts,Skyrs",https://fr.openfoodfacts.org/produit/3023290069462
P053,yogurt & oats crunchy clusters chocolate,yaourt,Nomadic,5391115000821,C,4,185,774,1.9,11,28,0.028,5.1,1.5,0,B,67,Oui,2,"en:e322, en:e322i","Dairies, Fermented foods, Desserts, Fermented milk products, Dairy desserts, Fermented dairy desserts, Yogurts, Yogurts with cereals",https://fr.openfoodfacts.org/produit/5391115000821
P054,Yaourt muesli chocolat bio,yaourt,Milsani,27039267,C,5,143,598,2.6,15,72,0.072,5.5,1,0,A,82,Oui,2,"en:e322, en:e322i","Produits laitiers, Produits fermentés, Desserts, Produits laitiers fermentés, Desserts lactés, Desserts lactés fermentés, Yaourts, Yaourts aux céréales",https://fr.openfoodfacts.org/produit/27039267
P055,Les Mixés au lait entier Mangue Vanille,yaourt,"Auchan, Auchan Bio",3596710495948,C,4,87,364,1.9,12,48,0.048,3.4,0.5,10.284375,A,84,Oui,1,en:e412,"Produits laitiers, Produits fermentés, Desserts, Produits laitiers fermentés, Desserts lactés, Desserts lactés fermentés, Desserts lactés fermentés aux fruits, Yaourts, Yaourts aux fruits, Yaourts brassés, Yaourts à la mangue",https://fr.openfoodfacts.org/produit/3596710495948
P056,yaourt brasse bio fraise 4x125g,yaourt,Pâturages,3250391158546,C,4,97,367,1.9,12,48,0.048,3.4,0,10.44791667,A,89,Oui,1,en:e412,"Produits laitiers, Produits fermentés, Desserts, Produits laitiers fermentés, Desserts lactés, Desserts lactés fermentés, Desserts lactés fermentés aux fruits, Yaourts, Yaourts aux fruits, Yaourts au lait de vache, Yaourts à la fraise, Yaourts et laits fermentes sucres classiques",https://fr.openfoodfacts.org/produit/3250391158546
P057,Yaourt entier aux Myrtilles,yaourt,Delhaize,5400112117408,C,4,93,431,2,12.5,56,0.056,3.6,0.3,6.3,A,77,Oui,1,en:e415,"Produits laitiers, Produits fermentés, Desserts, Produits laitiers fermentés, Desserts lactés, Desserts lactés fermentés, Desserts lactés fermentés aux fruits, Yaourts, Yaourts aux fruits, Yaourts à la myrtille, Yaourts au lait de vache, Yaourts entiers",https://fr.openfoodfacts.org/produit/5400112117408
P058,"Joghurt, Himbeere / Müsli",yaourt,Pur Natur,5412971004652,C,5,104,435,2.3,13,80,0.08,3.9,0.4,8.5,B,69,Oui,1,en:e333,"Dairies, Fermented foods, Desserts, Fermented milk products, Dairy desserts, Fermented dairy desserts, Fermented dairy desserts with fruits, Yogurts, Fruit yogurts, Yoghurts-high-in-protein-on-a-fruit-layer",https://fr.openfoodfacts.org/produit/5412971004652
P059,Yaourt brebis abricot brassé,yaourt,Biocoop,3375610000854,C,4,86,361,1.75,11.1,25.6,0.0256,4.1,0,9.71875,A,85,Oui,1,en:e406,"Produits laitiers, Produits fermentés, Desserts, Produits laitiers fermentés, Desserts lactés, Desserts lactés fermentés, Desserts lactés fermentés aux fruits, Yaourts, Yaourts aux fruits, Yaourts brassés, Yaourts à l'abricot, Yaourts au lait de brebis, Yaourts chèvre et brebis fruits",https://fr.openfoodfacts.org/produit/3375610000854
P060,L'onctueux sur lit de pêches,yaourt,"Nestlé, La Laitière",3023290011492,C,5,104,435,1.8,14.5,64,0.064,3.7,0.2,9.263463542,A,84,Oui,1,en:e440,"Produits laitiers, Produits fermentés, Desserts, Produits laitiers fermentés, Desserts lactés, Desserts lactés fermentés, Desserts lactés fermentés aux fruits, Yaourts, Yaourts aux fruits, Yaourts à la pêche",https://fr.openfoodfacts.org/produit/3023290011492
P061,Yaourt à la myrtille,yaourt,La Vie Claire,3266191052106,C,5,102,424,1.9,15,64,0.064,4.3,0.2,10.3,A,89,Oui,1,en:e406,"Produits laitiers, Produits fermentés, Desserts, Produits laitiers fermentés, Desserts lactés, Desserts lactés fermentés, Desserts lactés fermentés aux fruits, Yaourts, Yaourts aux fruits, Yaourts à la myrtille",https://fr.openfoodfacts.org/produit/3266191052106
P062,Yogurt mirtillo,yaourt,"Conad, Verso Natura",8003160777708,C,3,78,326,0.1,14.1,40,0.04,3.7,0.5,21.15,A,84,Oui,1,en:e440,"Produits laitiers,Produits fermentés,Produits laitiers fermentés,Desserts,Desserts lactés,Desserts lactés fermentés,Desserts lactés fermentés aux fruits,Yaourts,Yaourts aux fruits,Yaourts à la myrtille,Yaourts au lait de vache,Yaourts allégés en matière grasse",https://fr.openfoodfacts.org/produit/8003160777708
P063,Brassé nature stracciatella,yaourt,Les Frères Collet,3413160100010,C,8,122,510,7.2,7.1,8,0.008,1.5,0.8,73.03125,D,44,Oui,1,en:e410,"Aliments et boissons à base de végétaux,Produits fermentés,Substituts de produits laitiers,Desserts,Desserts végétaliens,Produits végétaux fermentés,Desserts végétaliens fermentés,Desserts de lait de coco fermenté,Yaourts aux copeaux de chocolat",https://fr.openfoodfacts.org/produit/3413160100010
P064,Yaourt de brebis sur lit de myrtille bio 2x125g,yaourt,Paturages,3250392553678,C,6,119,512,3.8,11,40,0.04,4.4,2.3,0,A,89,Oui,1,en:e440,"Produits laitiers,Produits fermentés,Produits laitiers fermentés,Desserts,Desserts lactés,Desserts lactés fermentés,Desserts lactés fermentés aux fruits,Yaourts,Yaourts aux fruits,Yaourts à la myrtille,Yaourts au lait de brebis,Yaourts et laits fermentes sucres gourmands",https://fr.openfoodfacts.org/produit/3250392553678
P065,Yaourt brasse a la vanille bio 4x100g,yaourt,Pâturages,3250391455171,C,4,90,371,2,11,48,0.048,3.5,0,0.384863281,A,87,Oui,1,en:e412,"Produits laitiers, Produits fermentés, Desserts, Produits laitiers fermentés, Desserts lactés, Desserts lactés fermentés, Yaourts, Yaourts brassés, Yaourts vanille, Yaourts entiers, Yaourts et laits fermentes sucres classiques",https://fr.openfoodfacts.org/produit/3250391455171
P066,Yaourt bio gourmand,yaourt,Laiterie Du Perigord,3339526272064,C,6,113,473,2.900000095,14.89999962,52,0.052,3.200000048,0.23,11.5,A,86,Oui,1,en:e406,"Produits laitiers, Produits fermentés, Desserts, Produits laitiers fermentés, Desserts lactés, Desserts lactés fermentés, Desserts lactés fermentés aux fruits, Yaourts, Yaourts aux fruits, Yaourts au lait de vache, Yaourts à la mirabelle",https://fr.openfoodfacts.org/produit/3339526272064
P067,Yaourt Brassé Myrtilles Muesli Bio,yaourt,Pur Natur,5412971004669,C,5,114,477,2.2,13.1,80,0.08,4,0.4,6.3,B,64,Oui,1,en:e440,"Produits laitiers, Produits fermentés, Desserts, Produits laitiers fermentés, Desserts lactés, Desserts lactés fermentés, Desserts lactés fermentés aux fruits, Yaourts, Yaourts aux fruits, Yaourts à la myrtille",https://fr.openfoodfacts.org/produit/5412971004669
P068,yaourt myrtille graines BIO,yaourt,PÂTURAGES,3250393092824,C,4,96,402,1.8,12,40,0.04,3.7,0.5,6.6,A,84,Oui,1,en:e412,"Dairies, Fermented foods, Fermented milk products, Desserts, Dairy desserts, Fermented dairy desserts, Yogurts, Stirred yogurts, fr:Yaourts et laits fermentes sucres classiques, en:fruit-yogurts",https://fr.openfoodfacts.org/produit/3250393092824
P069,Yaourt bio 5 graines & miel,yaourt,Pâturages,3250392519315,C,4,103,410,1.9,12,40,0.04,3.7,0,0.3,A,89,Oui,1,en:e440,"Produits laitiers, Produits fermentés, Desserts, Produits laitiers fermentés, Desserts lactés, Desserts lactés fermentés, Desserts lactés fermentés aux fruits, Yaourts, Yaourts aux fruits, Yaourts brassés, Yaourts au miel, Yaourts et laits fermentes sucres gourmands",https://fr.openfoodfacts.org/produit/3250392519315
P070,Yaourt à la mangue,yaourt,La Vie Claire,3266191058160,C,5,120,502,3.5,9.7,36,0.036,4.2,0,8.32,A,84,Oui,1,en:e406,"Produits laitiers, Produits fermentés, Desserts, Produits laitiers fermentés, Desserts lactés, Desserts lactés fermentés, Desserts lactés fermentés aux fruits, Yaourts, Yaourts aux fruits, Yaourts à la mangue, Yaourts au lait de brebis",https://fr.openfoodfacts.org/produit/3266191058160
P071,Yaourt à la pêche de vigne,yaourt,La Vie Claire,3266191052113,C,5,89,372,2.2,11,40,0.04,3.4,0.1,0,A,88,Oui,1,en:e406,"Produits laitiers, Produits fermentés, Desserts, Produits laitiers fermentés, Desserts lactés, Desserts lactés fermentés, Desserts lactés fermentés aux fruits, Yaourts, Yaourts aux fruits, Yaourts au lait de vache, Yaourts à la pêche",https://fr.openfoodfacts.org/produit/3266191052113
P072,Organic Strawberry Whole Milk Yogurt w/probiotics,yaourt,"Stonyfield, Stonyfield Organic",52159000417,C,3,87,364,2,9.33,53,0.053,3.33,0,7.165,B,67,Oui,1,en:e440,"Dairies, Fermented foods, Desserts, Fermented milk products, Dairy desserts, Fermented dairy desserts, Yogurts",https://fr.openfoodfacts.org/produit/0052159000417
P073,Family Farm Raspberry,yaourt,Yeo Valley Family farm,5036589200178,C,5,99,414,2.8,11.1,72,0.072,4.7,0,9.9,A,84,Oui,0,Aucun,"Dairies, Fermented foods, Fermented milk products, Desserts, Dairy desserts, Fermented dairy desserts, Yogurts, en:fruit-yogurts",https://fr.openfoodfacts.org/produit/5036589200178
P074,Bio Frucht Joghurt Erdbeere,yaourt,Milbona,20144319,C,4,91,382,1.8,11.2,40,0.04,3.7,0,20,A,84,Oui,0,Aucun,"Laticínios,Alimentos Fermentados,Produtos lácteos fermentados,Sobremesas,Sobremesas de laticínios,en:Fermented dairy desserts,en:Fermented dairy desserts with fruits,Iogurtes,Iogurtes de fruta,Iogurtes de morango",https://fr.openfoodfacts.org/produit/20144319
P075,Organic Greek style yoghurt,yaourt,Marks &Spencer,615068,C,6,124,519,5.9,5.3,60,0.06,4.6,0.5,0,A,87,Oui,0,Aucun,"Dairies, Fermented foods, Desserts, Fermented milk products, Dairy desserts, Fermented dairy desserts, Yogurts, Greek-style yogurts",https://fr.openfoodfacts.org/produit/00615068
P076,Yaourt à la grecque au lait de brebis bio,yaourt,VRAI,3273220540787,C,5,129,540,6.8,3.1,40,0.04,5.1,0,0,A,81,Oui,0,Aucun,"Produits laitiers,Produits fermentés,Produits laitiers fermentés,Desserts,Desserts lactés,Desserts lactés fermentés,Yaourts,Desserts lactés fermentés nature,Yaourts natures,Yaourts à la grecque,Yaourts au lait de brebis,Yaourt à la grecque au lait de brebis",https://fr.openfoodfacts.org/produit/3273220540787
P077,Brassé bio,yaourt,Byo essentiel,4008471483342,C,7,126,527,3.1,15.9,80,0.08,4.8,0.3,1.475,B,68,Oui,0,Aucun,"Produits laitiers, Produits fermentés, Desserts, Produits laitiers fermentés, Desserts lactés, Desserts lactés fermentés, Yaourts, Yaourts brassés, Yaourts aux copeaux de chocolat, Yaourts au lait de vache",https://fr.openfoodfacts.org/produit/4008471483342
P078,Velouté brebis nature,yaourt,Bonneterre,3396410048389,C,3,95,397,4.7,2.5,52,0.052,5.2,0,0,A,88,Oui,0,Aucun,"Produits laitiers, Produits fermentés, Desserts, Produits laitiers fermentés, Desserts lactés, Surgelés, Desserts lactés fermentés, Yaourts, Yaourts au lait de brebis",https://fr.openfoodfacts.org/produit/3396410048389
P079,Sans lactose citron,yaourt,GRANDEUR NATURE,3252920037117,C,5,95,399,2.1,13,44,0.044,3.3,0,0.666666667,A,87,Oui,0,Aucun,"fr:Spécialité delactosé citron, en:yogurts",https://fr.openfoodfacts.org/produit/3252920037117
P080,Yaourts Aux 4 Fruits,yaourt,Bernard gaborit,3438860004048,C,3,88,368,1.89,9.78,16,0.016,4.02,0,0,A,89,Oui,0,Aucun,"Produits laitiers, Produits fermentés, Desserts, Produits laitiers fermentés, Desserts lactés, Surgelés, Desserts lactés fermentés, Desserts lactés fermentés aux fruits, Yaourts, Yaourts aux fruits",https://fr.openfoodfacts.org/produit/3438860004048
P081,Yogourt  noisettes BIO,yaourt,MIGROS,7610200379368,C,4,123,520,1.8,13,40,0.04,4,0.5,12,A,84,Oui,0,Aucun,"Produits laitiers,Produits fermentés,Produits laitiers fermentés,Desserts,Desserts lactés,Desserts lactés fermentés,Desserts lactés fermentés aux fruits,Yaourts,Yaourts aux fruits,Yaourts aux noisettes",https://fr.openfoodfacts.org/produit/7610200379368
P082,Jogurt Vermicelles-Vanille,yaourt,"COOP, Naturaplan",7613413103676,C,4,109,460,1.8,14,40,0.04,4,0.6,0,A,88,Oui,0,Aucun,"Produits laitiers,Produits fermentés,Produits laitiers fermentés,Desserts,Desserts lactés,Desserts lactés fermentés,Yaourts,Desserts lactés fermentés aromatisés,Yaourts aromatisés",https://fr.openfoodfacts.org/produit/7613413103676
P083,Brassé bio mangue,yaourt,byo essentiel,4008471483328,C,4,102,427,1.9,13.6,40,0.04,4.2,0.2,20,A,84,Oui,0,Aucun,"Produits laitiers, Produits fermentés, Desserts, Produits laitiers fermentés, Desserts lactés, Desserts lactés fermentés, Desserts lactés fermentés aux fruits, Yaourts, Yaourts aux fruits, Yaourts au lait de vache, Yaourts à la mangue",https://fr.openfoodfacts.org/produit/4008471483328
P084,Yaourt Framboise,yaourt,Marie Morin,3372900900122,C,6,120,502,2.2,17,52,0.052,4.4,0.7,7.5,A,84,Oui,0,Aucun,"Produits laitiers, Produits fermentés, Desserts, Produits laitiers fermentés, Desserts lactés, Desserts lactés fermentés, Desserts lactés fermentés aux fruits, Yaourts, Yaourts aux fruits, Yaourts au lait de vache, Yaourts à la framboise",https://fr.openfoodfacts.org/produit/3372900900122
P085,LES 2 VACHES BRASSE A LA NOIX DE COCO 115 G X 4,yaourt,Les 2 Vaches,3661344155121,C,5,96,402,2.9,11.4,56,0.056,3.6,0.05,3.08,A,89,Oui,0,Aucun,"Produits laitiers, Produits fermentés, Desserts, Produits laitiers fermentés, Desserts lactés, Desserts lactés fermentés, Desserts lactés fermentés aux fruits, Yaourts, Yaourts aux fruits",https://fr.openfoodfacts.org/produit/3661344155121
P086,TEDDI,yaourt,scaldasole,8010795006219,C,5,100,418,2.8,14,40,0.04,3.3,0.2,0,B,64,Oui,0,Aucun,"Produits laitiers, Produits fermentés, Desserts, Produits laitiers fermentés, Desserts lactés, Desserts lactés fermentés, Desserts lactés fermentés aux fruits, Yaourts, Yaourts aux fruits",https://fr.openfoodfacts.org/produit/8010795006219
P087,Jogurt  Schokolade,yaourt,"Coop, Coop Naturaplan Bio, Naturaplan",7610809103951,C,4,114,470,2.2,14,44,0.044,4.9,1,0,B,72,Oui,0,Aucun,"Produits laitiers,Produits fermentés,Produits laitiers fermentés,Desserts,Desserts lactés,Desserts lactés fermentés,Yaourts,Yaourts aux copeaux de chocolat",https://fr.openfoodfacts.org/produit/7610809103951
P088,Jogurt Framboise,yaourt,"Migros,Migros bio",7616600706285,C,4,100,420,1.7,13,40,0.04,3.5,0.5,10,A,84,Oui,0,Aucun,"Produits laitiers,Produits fermentés,Produits laitiers fermentés,Desserts,Desserts lactés,Desserts lactés fermentés,Desserts lactés fermentés aux fruits,Yaourts,Yaourts aux fruits,Yaourts à la framboise",https://fr.openfoodfacts.org/produit/7616600706285
P089,Bio Jogurt Himbeere,yaourt,Okologische molkereien allgau,7611613001365,C,4,98,410.032,1.8,13.4,40,0.04,3.8,0,9,A,89,Oui,0,Aucun,"Dairies, Fermented foods, Fermented milk products, Desserts, Dairy desserts, Fermented dairy desserts, Yogurts, Lactose-free yogurts, en:fruit-yogurts",https://fr.openfoodfacts.org/produit/7611613001365
P090,Milbona Bio Fruchtjoghurt Heidelbeer cassis,yaourt,"Lidl, Milbona",20757519,C,5,112,468.608,1.7,16.7,52,0.052,3.7,0,0,B,67,Oui,0,Aucun,joghurt,https://fr.openfoodfacts.org/produit/20757519
P091,Fraise Vachement Mixée,yaourt,"Danone, Les 2 Vaches, Stonyfield France",3661344595644,C,4,91,382,2,12.8,40.64,0.04064,3.4,0.4,7.102083333,A,88,Oui,0,Aucun,"Produits laitiers, Produits fermentés, Desserts, Produits laitiers fermentés, Desserts lactés, Desserts lactés fermentés, Frais, Desserts lactés fermentés aux fruits, Yaourts, Yaourts aux fruits, Yaourts brassés, Yaourts sucrés, Yaourts brassés aux fruits, Yaourts mixés, Yaourts à la fraise, Yaourts entiers, Yaourts aux fruits sans morceaux",https://fr.openfoodfacts.org/produit/3661344595644
P092,Yaourt à la grecque myrtille,yaourt,Glenisk,5099649002211,C,8,137,573.208,5.599999905,11,28,0.028,2.400000095,0.5,7,B,64,Oui,0,Aucun,"Produits laitiers, Produits fermentés, Desserts, Produits laitiers fermentés, Desserts lactés, Desserts lactés fermentés, Desserts lactés fermentés aux fruits, Yaourts, Yaourts aux fruits, Yaourts brassés, Yaourts à la myrtille, Yaourts au lait de vache, Yaourts brassés aux fruits",https://fr.openfoodfacts.org/produit/5099649002211
P093,Yaourt bio fraise,yaourt,Yogourmand,3454840007212,C,4,87,364.008,2,11.3,44,0.044,3.1,0,0,A,77,Oui,0,Aucun,"Produits laitiers, Produits fermentés, Desserts, Produits laitiers fermentés, Desserts lactés, Desserts lactés fermentés, Desserts lactés fermentés aux fruits, Yaourts, Yaourts aux fruits, Desserts lactés fermentés aromatisés, Yaourts sucrés, Yaourts aromatisés, Yaourts à la fraise, Yaourts entiers",https://fr.openfoodfacts.org/produit/3454840007212
P094,"Bio Joghurt Mild , Zitrone",yaourt,Sobbeke,4008471497042,C,6,120,502.08,3.8,12.8,52,0.052,3.5,0.2,7.5,A,78,Oui,0,Aucun,"Produits laitiers, Produits fermentés, Produits laitiers fermentés, Desserts, Desserts lactés, Desserts lactés fermentés, Desserts lactés fermentés aux fruits, Yaourts, Yaourts aux fruits, Yaourts au citron",https://fr.openfoodfacts.org/produit/4008471497042
P095,Bidifus saveur pêche,yaourt,Tante Hélène,3273220135532,C,3,70,293,1.1,10.1,40,0.04,3.8,0,0,A,88,Oui,0,Aucun,en:fruit-yogurts,https://fr.openfoodfacts.org/produit/3273220135532
P096,Andescher pfirsch maracuja 500g,yaourt,Andechser Natur,4104060011399,C,5,90,376.56,2.1,11.1,56,0.056,3.8,0.2,8.5,A,77,Oui,0,Aucun,en:peach-yogurts,https://fr.openfoodfacts.org/produit/4104060011399
P097,Yogurt vanille,yaourt,"Swiss Premium, Swiss delice",7610900098736,C,4,90,376.56,1.8,11.4,44,0.044,3.9,0,0,A,75,Oui,0,Aucun,"Produits laitiers, Produits fermentés, Desserts, Produits laitiers fermentés, Desserts lactés, Desserts lactés fermentés, Yaourts, Yaourts vanille",https://fr.openfoodfacts.org/produit/7610900098736
P098,Brassé bio fraise,yaourt,Byo Essentiel,4008471483311,C,4,97,405.848,1.9,12.9,56,0.056,4.2,0.3,17,A,84,Oui,0,Aucun,"Produits laitiers, Produits fermentés, Desserts, Produits laitiers fermentés, Desserts lactés, Desserts lactés fermentés, Desserts lactés fermentés aux fruits, Yaourts, Yaourts aux fruits, Yaourts au lait de vache, Yaourts à la fraise",https://fr.openfoodfacts.org/produit/4008471483311
P099,Le yaourt de brebis sur lit de Châtaignes,yaourt,"Auchan, Auchan Bio",3596710403547,C,7,126,529,4.2,11,40,0.04,4.6,1,5.6,A,89,Oui,0,Aucun,"Produits laitiers, Produits fermentés, Desserts, Produits laitiers fermentés, Desserts lactés, Desserts lactés fermentés, Desserts lactés fermentés aux fruits, Yaourts, Yaourts aux fruits, Yaourts à la châtaigne, Yaourts au lait de brebis",https://fr.openfoodfacts.org/produit/3596710403547
P100,YAOURT a LA GRECQUE BREBIS NATURE,yaourt,La bergerie,3273220140789,C,6,129,539.736,6.8,4.6,40,0.04,5.1,0,0,A,88,Oui,0,Aucun,"Produits laitiers, Produits fermentés, Desserts, Produits laitiers fermentés, Desserts lactés, Desserts lactés fermentés, Yaourts, Yaourts à la grecque, Yaourts au lait de brebis",https://fr.openfoodfacts.org/produit/3273220140789
P101,Yaourt Vanille Lait Entier Biologique,yaourt,Lactel,3023290410806,C,3,82,343.088,2,10,52,0.052,3,0.24,0,B,67,Oui,0,Aucun,"Produits laitiers, Produits fermentés, Produits laitiers fermentés, Desserts, Desserts lactés, Desserts lactés fermentés, Yaourts",https://fr.openfoodfacts.org/produit/3023290410806
P102,"Yogurt citron, bio",yaourt,"Migros, Migros Bio",7616600708906,C,4,103,430,1.8,14,40,0.04,3.5,0.5,5.6,A,84,Oui,0,Aucun,"Produits laitiers,Produits fermentés,Produits laitiers fermentés,Desserts,Desserts lactés,Desserts lactés fermentés,Desserts lactés fermentés aux fruits,Yaourts,Yaourts aux fruits,Yaourts au citron",https://fr.openfoodfacts.org/produit/7616600708906
P103,Ziegen-Joghurt natur,yaourt,"Bergerie, La bergerie",3273227040877,C,3,77,322.168,3.8,3.5,28,0.028,4.7,0,0,B,64,Oui,0,Aucun,"Produits laitiers,Produits fermentés,Produits laitiers fermentés,Desserts,Desserts lactés,Desserts lactés fermentés,Yaourts,Desserts lactés fermentés nature,Yaourts natures,Yaourts au lait de chèvre,Yaourts de chèvre nature",https://fr.openfoodfacts.org/produit/3273227040877
P104,YAOURT NATURE AU LAIT ENTIER BREBIS,yaourt,Lait Plaisirs,3760099532604,C,3,101,422.584,4.5,2.9,48,0.048,5.1,1.7,0,B,67,Oui,0,Aucun,"Produits laitiers,Produits fermentés,Produits laitiers fermentés,Desserts,Desserts lactés,Desserts lactés fermentés,Yaourts,Desserts lactés fermentés nature,Yaourts natures,Yaourts au lait de brebis,Yaourts au lait de brebis nature",https://fr.openfoodfacts.org/produit/3760099532604
P105,Yaourt a la grecque bio,yaourt,Péchalou,3339526072022,C,5,95,397.48,4.800000191,4,52,0.052,3.5,0,0,A,87,Oui,0,Aucun,"Produits laitiers, Produits fermentés, Desserts, Produits laitiers fermentés, Desserts lactés, Desserts lactés fermentés, Yaourts, Yaourts à la grecque",https://fr.openfoodfacts.org/produit/3339526072022
P106,Yaourt stracciatella,yaourt,Byo Essentiel,4008471483007,C,8,145,606.68,5,14.6,48,0.048,3.3,0.2,0,B,69,Oui,0,Aucun,"Milchprodukte, Fermentierte Lebensmittel, Desserts, Fermentierte Milch, Milchnachspeisen, en:Fermented dairy desserts, Joghurt, Schokoladenjoghurte",https://fr.openfoodfacts.org/produit/4008471483007
P107,Sobbeke Bio Vanille,yaourt,Sobbeke,4008471503835,C,4,102,426.768,1.9,13.9,60,0.06,4.1,0.1,0,B,72,Oui,0,Aucun,"Produits laitiers, Produits fermentés, Desserts, Produits laitiers fermentés, Desserts lactés, Desserts lactés fermentés, Yaourts",https://fr.openfoodfacts.org/produit/4008471503835
P108,Yaourt étuvé bio vanille 4x125g,yaourt,Netto,3250392538507,C,4,87,364,2,11.4,44,0.044,3.4,0,0,A,87,Oui,0,Aucun,"Produits laitiers, Produits fermentés, Desserts, Produits laitiers fermentés, Desserts lactés, Desserts lactés fermentés, Yaourts, Yaourts vanille, Yaourts au lait de vache, Yaourts et laits fermentes sucres classiques",https://fr.openfoodfacts.org/produit/3250392538507
P109,Yaourt Cafe Sans Lactose,yaourt,Swiss Premium,7610900024438,C,4,103,430.952,1.7,14,36,0.036,3.8,0,0,B,67,Oui,0,Aucun,"Dairies,Fermented foods,Fermented milk products,Desserts,Dairy desserts,Fermented dairy desserts,Yogurts,Lactose-free yogurts",https://fr.openfoodfacts.org/produit/7610900024438
P110,Yaourts aux fruits mixés,yaourt,Biocoop,3760121211033,C,4,104,435.136,1.8,13,40,0.04,3.7,0.2,18.6,A,84,Oui,0,Aucun,"Produits laitiers, Produits fermentés, Desserts, Produits laitiers fermentés, Desserts lactés, Desserts lactés fermentés, Desserts lactés fermentés aux fruits, Yaourts, Yaourts aux fruits",https://fr.openfoodfacts.org/produit/3760121211033
P111,Yogourt au lait de bebris Mangue,yaourt,Coop Naturaplan,7613331588890,C,5,120,500,3,14,40,0.04,4.5,0,6,A,89,Oui,0,Aucun,"Produits laitiers, Produits fermentés, Desserts, Produits laitiers fermentés, Desserts lactés, Desserts lactés fermentés, Desserts lactés fermentés aux fruits, Yaourts, Yaourts aux fruits, Yaourts au lait de brebis",https://fr.openfoodfacts.org/produit/7613331588890
P112,"Yogourt Pruneau, Bio",yaourt,Migros Bio,7610200379382,C,4,92,390,1.7,12,44,0.044,3.6,0.5,23.7,A,84,Oui,0,Aucun,"Produits laitiers,Produits fermentés,Produits laitiers fermentés,Desserts,Desserts lactés,Desserts lactés fermentés,Desserts lactés fermentés aux fruits,Yaourts,Yaourts aux fruits,Yaourts au pruneau",https://fr.openfoodfacts.org/produit/7610200379382
P113,yaourts au jus de citron BIO,yaourt,les deux vaches,3661344299184,C,5,91,380,2.2,11.9,56,0.056,3.7,0.4,0,A,88,Oui,0,Aucun,"Produits laitiers, Produits fermentés, Desserts, Produits laitiers fermentés, Desserts lactés, Desserts lactés fermentés, Frais, Desserts lactés fermentés aux fruits, Yaourts, Yaourts aux fruits, Yaourts brassés, Yaourts sucrés, Yaourts brassés aux fruits, Yaourts au citron, Yaourts entiers, Yaourts brassés citron",https://fr.openfoodfacts.org/produit/3661344299184
P114,Yaourt Brebis Myrtille,yaourt,Bonneterre,3396410035570,C,6,119,497.896,3.6,12.1,40,0.04,4.3,0.9,0,A,84,Oui,0,Aucun,"Produits laitiers, Produits fermentés, Desserts, Produits laitiers fermentés, Desserts lactés, Desserts lactés fermentés, Desserts lactés fermentés aux fruits, Yaourts, Yaourts aux fruits, Yaourts à la myrtille, Yaourts au lait de brebis",https://fr.openfoodfacts.org/produit/3396410035570
P115,Yaourt Framboise Bio,yaourt,Bio Sonne,20163396,C,5,104,435.136,1.7,14.8,44,0.044,4,0.5,0,A,87,Oui,0,Aucun,"Produits laitiers, Produits fermentés, Desserts, Produits laitiers fermentés, Desserts lactés, Desserts lactés fermentés, Yaourts",https://fr.openfoodfacts.org/produit/20163396
P116,Bio joghurt mild stracciatella,yaourt,Söbbeke,4008471507932,C,8,145,605,4.88,14.8,0,0,3.6,0.3,1.65,A,77,Oui,0,Aucun,"Produits laitiers,Produits fermentés,Produits laitiers fermentés,Desserts,Desserts lactés,Desserts lactés fermentés,Yaourts,Yaourts aux copeaux de chocolat",https://fr.openfoodfacts.org/produit/4008471507932
P117,Yaourt à la Pêche De Vigne,yaourt,La Vie Claire,3266191056982,C,5,116,485.344,2.4,10.9,40,0.04,3.8,0,0,A,84,Oui,0,Aucun,"Dairies, Fermented foods, Fermented milk products, Desserts, Dairy desserts, Fermented dairy desserts, Fermented dairy desserts with fruits, Yogurts, Fruit yogurts, Peach yogurts, en:sheep-milk-yogurts",https://fr.openfoodfacts.org/produit/3266191056982
P118,Yaourt à la Myrtille,yaourt,Invitation à la Ferme,3770000451528,C,5,97,405,2.3,11.3,46.4,0.0464,3.4,0.26,7,A,84,Oui,1,en:e406,"Produits laitiers, Produits fermentés, Desserts, Produits laitiers fermentés, Desserts lactés, Desserts lactés fermentés, Desserts lactés fermentés aux fruits, Yaourts, Yaourts aux fruits, Yaourts à la myrtille, Yaourts au lait de vache",https://fr.openfoodfacts.org/produit/3770000451528
P119,Yaourt crémeux et fraises de France,yaourt,vrai,3273221112365,C,7,125,523,4.4,11.7,32,0.032,3,1.1,16.9125,A,87,Oui,1,en:e440,"Produits laitiers, Produits fermentés, Desserts, Produits laitiers fermentés, Desserts lactés, Desserts lactés fermentés, Desserts lactés fermentés aux fruits, Yaourts, Yaourts aux fruits",https://fr.openfoodfacts.org/produit/3273221112365
P120,Raib vani jaouda,yaourt,Jaouda,6111242102361,C,7,81,338.904,1,11,400,0.4,3,2,0,B,67,Non,0,Aucun,"Produits laitiers, Produits fermentés, Desserts, Produits laitiers fermentés, Desserts lactés, Desserts lactés fermentés, Yaourts, Yaourt à la grecque sur lit de fruits",https://fr.openfoodfacts.org/produit/6111242102361
P121,Yaos le yaourt à la Grecque,yaourt,"Nestlé, Yaos",3023290634578,C,6,102,420,5.3,3.5,48,0.048,3.1,0,0,B,71,Non,0,Aucun,"Produits laitiers, Produits fermentés, Desserts, Produits laitiers fermentés, Desserts lactés, Desserts lactés fermentés, Frais, Yaourts, Desserts lactés fermentés nature, Yaourts natures, Yaourts brassés, Yaourts à la grecque, Yaourts à la grecque nature, Yaourts brassés nature, Yaourts entiers",https://fr.openfoodfacts.org/produit/3023290634578
P122,Chergui creme fruit de bois,yaourt,Chergui,6111126001872,C,8,113,473,1,14.9,400,0.4,4.2,0,0,A,78,Non,0,Aucun,"Produits laitiers,Produits fermentés,Produits laitiers fermentés,Desserts,Desserts lactés,Desserts lactés fermentés,Yaourts",https://fr.openfoodfacts.org/produit/6111126001872
P123,Greek Natural Yogurt,yaourt,Milbona,20577414,C,7,132,552.288,7.04,4,60,0.06,6,0,0,A,82,Non,0,Aucun,"Dairies,Fermented foods,Fermented milk products,Yogurts,Greek-style yogurts",https://fr.openfoodfacts.org/produit/20577414
P124,Yaos Yaourt à la Grecque Nature 4 x 150g,yaourt,Nestlé,3023291122005,C,6,101,420,5.3,3.5,48,0.048,3.1,0,0,B,70,Non,0,Aucun,"Produits laitiers,Produits fermentés,Produits laitiers fermentés,Desserts,Desserts lactés,Desserts lactés fermentés,Yaourts,Desserts lactés fermentés nature,Yaourts natures,Yaourts à la grecque,Yaourts à la grecque nature",https://fr.openfoodfacts.org/produit/3023291122005
P125,Greek Style Yogurt Unsweetened,yaourt,M&S Food,852166,C,7,124,518.816,6.5,4.8,80,0.08,4.1,0.4,0,B,73,Non,0,Aucun,"Dairies,Fermented foods,Fermented milk products,Desserts,Dairy desserts,Fermented dairy desserts,Yogurts,Plain fermented dairy desserts,Plain yogurts,Greek-style yogurts",https://fr.openfoodfacts.org/produit/00852166
P126,Panier de Yoplait - Fruits rouges,yaourt,"Paniers, Yoplait",3329770063525,C,3,91,373,1.5,11.89999962,52,0.052,3.299999952,0,44.72539683,B,67,Non,0,Aucun,"Produits laitiers,Produits fermentés,Produits laitiers fermentés,Desserts,Desserts lactés,Desserts lactés fermentés,Desserts lactés fermentés aux fruits,Yaourts,Yaourts aux fruits,Yaourts à la pêche,Yaourts aux fruits avec morceaux",https://fr.openfoodfacts.org/produit/3329770063525
P127,Greek style live yogurt,yaourt,Marks & Spencer,972376,C,8,124,518.816,6.5,4.8,92,0.092,4.1,0.5,0,A,81,Non,0,Aucun,"Produits laitiers, Produits fermentés, Desserts, Produits laitiers fermentés, Desserts lactés, Desserts lactés fermentés, Yaourts, Yaourts à la grecque",https://fr.openfoodfacts.org/produit/00972376
P128,Yaourt brassé crème de marrons 2 x 160 g,yaourt,La fermière,3279231182008,C,4,139,583,4.8,1,60,0.06,2.7,0,7.144,B,65,Non,0,Aucun,"Dairies, Fermented foods, Fermented milk products, Desserts, Dairy desserts, Fermented dairy desserts, Yogurts, Stirred yogurts, en:fruit-yogurts",https://fr.openfoodfacts.org/produit/3279231182008
P129,Yogurt and Oat Clusters,yaourt,Nomadic,5391115000302,C,5,178,748,1.2,11.9,28,0.028,4.8,2.1,10.025,B,74,Non,0,Aucun,"Dairies, Fermented foods, Desserts, Fermented milk products, Dairy desserts, Fermented dairy desserts, Yogurts, Yogurts with cereals",https://fr.openfoodfacts.org/produit/5391115000302
P130,Le yaourt à la vanille,yaourt,"Nestlé, La Laitière",3023290021286,C,4,95,397.48,2,13.1,48,0.048,3,0,0,A,84,Non,0,Aucun,"Produits laitiers, Produits fermentés, Desserts, Produits laitiers fermentés, Desserts lactés, Desserts lactés fermentés, Yaourts, Desserts lactés fermentés aromatisés, Yaourts vanille, Yaourts aromatisés",https://fr.openfoodfacts.org/produit/3023290021286
P131,PANIER DE YOPLAIT,yaourt,"Panier recette classique, Yoplait",3329770063471,C,4,91,385,1.5,11.9,52,0.052,3.3,0,8.8,B,68,Non,0,Aucun,"Produits laitiers, Produits fermentés, Desserts, Produits laitiers fermentés, Desserts lactés, Desserts lactés fermentés, Desserts lactés fermentés aux fruits, Yaourts, Yaourts aux fruits, Yaourts à la cerise, Yaourts au lait de vache",https://fr.openfoodfacts.org/produit/3329770063471
P132,Yaourt a la grecque pot 1kg,yaourt,Páturages,3250392542733,C,6,111,436,5.9,3.8,40,0.04,3.7,0,0,A,87,Non,0,Aucun,"Produits laitiers,Produits fermentés,Produits laitiers fermentés,Desserts,Desserts lactés,Desserts lactés fermentés,Yaourts,Desserts lactés fermentés nature,Yaourts natures,Yaourts brassés,Yaourts à la grecque,en:plain-greek-style-yogurts,Yaourts brassés nature, Yaourts et laits fermentes nature non sucres gourmands",https://fr.openfoodfacts.org/produit/3250392542733
P133,Yaourt au lait 🥛🍼de brebis 🐑,yaourt,Soignon,3523230039567,C,3,90,375,4.6,2.6,48,0.048,5.5,0,0,B,72,Non,0,Aucun,"Produits laitiers,Produits fermentés,Produits laitiers fermentés,Desserts,Desserts lactés,Desserts lactés fermentés,Yaourts,Desserts lactés fermentés nature,Yaourts natures,Yaourts au lait de brebis,Yaourts entiers,Yaourts au lait de brebis nature",https://fr.openfoodfacts.org/produit/3523230039567
P134,La Laitière yaourts au lait entier panachés,yaourt,"Nestlé, La Laitière",3023290101995,C,4,97,405.848,2,13.5,48,0.048,3.1,0,0.244791667,A,82,Non,0,Aucun,"Produits laitiers, Produits fermentés, Desserts, Produits laitiers fermentés, Desserts lactés, Desserts lactés fermentés, Yaourts, Desserts lactés fermentés aromatisés, Yaourts sucrés, Yaourts aromatisés, Yaourts entiers",https://fr.openfoodfacts.org/produit/3023290101995
P135,Yaourt sucré à la vanille,yaourt,La fermiere,3279231149001,C,7,120,502.08,4.9,11,76,0.076,2.9,0,0,A,84,Non,0,Aucun,"Produits laitiers, Produits fermentés, Desserts, Produits laitiers fermentés, Desserts lactés, Desserts lactés fermentés, Yaourts, Yaourts brassés, Yaourts vanille",https://fr.openfoodfacts.org/produit/3279231149001
P136,Yaourt grec nature 10%MG 1kg,yaourt,U,3256229807419,C,7,129,535,7.1,4,64,0.064,5.6,0.5,0,A,78,Non,0,Aucun,"Produits laitiers,Produits fermentés,Produits laitiers fermentés,Desserts,Desserts lactés,Desserts lactés fermentés,Yaourts,Desserts lactés fermentés nature,Yaourts natures,Yaourts à la grecque,Yaourt grec",https://fr.openfoodfacts.org/produit/3256229807419
P137,Yaourt Grec au lait de vache,yaourt,Mavrommatis,3700286924416,C,6,132,549,6.5,3.5,44,0.044,7,0,0,A,82,Non,0,Aucun,"Produits laitiers, Produits fermentés, Desserts, Produits laitiers fermentés, Desserts lactés, Desserts lactés fermentés, Yaourts, Yaourts à la grecque",https://fr.openfoodfacts.org/produit/3700286924416
P138,Coco chocolat,yaourt,Ya,3760192494052,D,14,183,758,12,8.2,0,0,1.5,2.3,0,A,87,Oui,0,Aucun,"Produits laitiers,Produits fermentés,Produits laitiers fermentés,Desserts,Desserts lactés,Desserts lactés fermentés,Yaourts,Desserts de lait de coco fermenté",https://fr.openfoodfacts.org/produit/3760192494052
P139,Jogurts,yaourt,Milbona,20100872,D,13,431,1803,5.5,11.9,50,0.05,12,0.5,9.6,B,69,Non,5,"en:e14xx, en:e330, en:e331, en:e412, en:e440","Dairies, Fermented foods, Fermented milk products, Desserts, Dairy desserts, Fermented dairy desserts, Fermented dairy desserts with fruits, Yogurts, Fruit yogurts, Strawberry yogurts",https://fr.openfoodfacts.org/produit/20100872
P140,L'onctueux et lit de Pêche Passion,yaourt,Envia,20081683,D,11,160,669,7,15,40,0.04,2.4,0.2,4.566666667,B,64,Non,3,"en:e14xx, en:e331, en:e440","Produits laitiers, Produits fermentés, Desserts, Produits laitiers fermentés, Desserts lactés, Desserts lactés fermentés, Desserts lactés fermentés aux fruits, Yaourts, Yaourts aux fruits",https://fr.openfoodfacts.org/produit/20081683
P141,L'onctueux sur lit à la pêche saveur passion,yaourt,ENVIA,4056489516767,D,12,165,690,7,14.7,48,0.048,2.5,0.5,14.4,A,77,Non,3,"en:e14xx, en:e331, en:e440","Produits laitiers, Produits fermentés, Produits laitiers fermentés, Desserts, Desserts lactés, Desserts lactés fermentés, Desserts lactés fermentés aux fruits, Yaourts, Yaourts aux fruits",https://fr.openfoodfacts.org/produit/4056489516767
P142,Le Yaourt à la Grecque vanille les 4 pots de 125 g,yaourt,Nestlé,3023290234686,D,11,165,690.36,5.7,16.9,56,0.056,3.2,0.1,0,B,67,Non,0,Aucun,"Produits laitiers, Produits fermentés, Desserts, Produits laitiers fermentés, Desserts lactés, Desserts lactés fermentés, Yaourts, Yaourts à la grecque",https://fr.openfoodfacts.org/produit/3023290234686
P143,Philadelphia,yaourt,Mondelez International,7622201693916,D,14,226,933,14,4.3,300,0.3,5.4,0.2,0,D,43,Non,2,"en:e330, en:e412","Dairies,Fermented foods,Fermented milk products,Cheeses,Spreads,Salted spreads,Cheese spreads,Cream cheeses",https://world.openfoodfacts.org/product/7622201693916
P144,Paysan Breton - Le Fromage Fouetté Madame Loïk - Nature au Sel de Guérande,yaourt,"Le Fromage Fouetté Madame Loïk, Paysan breton",3412290070101,D,16,252,1039,17.3,3,440,0.44,5.9,0,0,C,58,Non,0,Aucun,"Zuivelproducten,Gefermenteerde levensmiddelen,Gefermenteerde zuivelproducten,Kazen,Smeerbare producten,Hartige smeerbare producten,Smeerkazen,fr:Fromage fouetté",https://world.openfoodfacts.org/product/3412290070101
P145,Parmigiano Reggiano AOP en copeaux,yaourt,Milbona,4056489192930,D,15,402,1680,19.6,0,641,0.641,32.4,0,0,D,41,Non,0,Aucun,"Produits laitiers, Produits fermentés, Produits laitiers fermentés, Fromages, Fromages italiens, Parmigiano Reggiano",https://world.openfoodfacts.org/product/4056489192930
P146,Philadelphia Original,yaourt,PHILADELPHIA,7622210955562,D,14,225,932,14,4.3,300,0.3,5.4,0.2,0,D,42,Non,1,en:e330,"Produits laitiers, Produits fermentés, Produits laitiers fermentés, Produits à tartiner, Fromages, Produits à tartiner salés, Fromages à tartiner, Fromages à la crème",https://world.openfoodfacts.org/product/7622210955562
P147,Cheddar,yaourt,"Marque Repère, Les Croisés",3564700768259,D,17,392,1737,22,0.5,760,0.76,26,0,0,D,33,Non,1,en:e160b,"Produits laitiers, Produits fermentés, Produits laitiers fermentés, Fromages, Fromages de vache, Fromages du Royaume-Uni, Fromages d'Angleterre, Fromages en tranches, Cheddars, Cheddar en tranches",https://world.openfoodfacts.org/product/3564700768259
P148,Philadelphia vegan cream cheese,yaourt,Philadelphia,7622201745752,D,14,219,903,17,0.8,304,0.304,3.2,1.5,0,D,35,Non,1,en:e410,"Lácteos, Comidas fermentadas, Productos fermentados de la leche, Quesos, Queso blando, Queso de untar",https://world.openfoodfacts.org/product/7622201745752
P149,Prim' Frais Ail & Fines Herbes,yaourt,"Marque Repère, Les Croisés",3564700599860,D,16,250,1033,16,3,480,0.48,5.5,0.5,4.2,C,51,Non,0,Aucun,"Produits laitiers, Produits fermentés, Produits laitiers fermentés, Produits à tartiner, Fromages, Produits à tartiner salés, Fromages de vache, Fromages de France, Fromages pasteurisés, Fromages à tartiner, Fromages à la crème, Fromages industriels",https://world.openfoodfacts.org/product/3564700599860
P150,Gorgonzola DOP Picante,yaourt,"Fjord, Lovilio",20245894,D,16,348,1441,19,0,760,0.76,20,0,0,C,47,Non,0,Aucun,"Lácteos, Comidas fermentadas, Productos fermentados de la leche, Quesos, Queso azul, Quesos italianos, Gorgonzola",https://world.openfoodfacts.org/product/20245894
P151,Fromage pasteurisé ovale double crème 30% de matière grasse 300g,yaourt,U,3256224310181,D,14,365,1509,22,1,560,0.56,17,0,0,C,56,Non,0,Aucun,"Dairies, Fermented foods, Fermented milk products, Cheeses, Cow cheeses, Double cream cheeses, en:pasteurized-cheeses",https://world.openfoodfacts.org/product/3256224310181
P152,Original,yaourt,Philadelphia,7622201723767,D,17,249,1029,16,2.8,440,0.44,3.7,0.2,11.95,C,48,Non,4,"en:e202, en:e401, en:e407, en:e412","Laticínios,Alimentos Fermentados,Produtos lácteos fermentados,Queijos,Produtos para barrar,Produtos salgados para barrar,Queijos para barrar,Queijos frescos",https://world.openfoodfacts.org/product/7622201723767
P153,Pointe de brie 31%mg,yaourt,"Marque Repère, Les Croisés",3564700014745,D,14,,1453,22,0.5,560,0.56,17,0.5,0,C,56,Non,0,Aucun,"Produits laitiers, Produits fermentés, Produits laitiers fermentés, Fromages, Fromages de vache, Fromages à pâte molle à croûte fleurie, Fromages de France, Bries, Fromages pasteurisés",https://world.openfoodfacts.org/product/3564700014745
P154,Les Croisés Dés tomates & basilic,yaourt,"Marque Repère, Les Croisés",3564700766859,D,17,330,1363,22,3.1,520,0.52,7.6,0,10.9625,D,40,Non,3,"en:e14xx, en:e200, en:e330","Produits laitiers, Produits fermentés, Produits laitiers fermentés, Fromages, Fromages pasteurisés",https://world.openfoodfacts.org/product/3564700766859
P155,"Fromage nature au lait pasteurisé 21,5%mg, 150g",yaourt,U,3256224310600,D,14,234,967,15,3,360,0.36,6,0.5,0,D,38,Non,0,Aucun,"Produits laitiers, Produits fermentés, Produits laitiers fermentés, Produits à tartiner, Fromages, Produits à tartiner salés, Fromages à tartiner",https://world.openfoodfacts.org/product/3256224310600
P156,Mon moment Fromager Ail et Fines Herbes,yaourt,"Auchan, Auchan Production, Groupe Auchan, L'oiseau",3596710399437,D,16,247,1018,16,3,480,0.48,5.5,0.5,13.9,C,46,Non,0,Aucun,"Produits laitiers, Produits fermentés, Produits laitiers fermentés, Produits à tartiner, Fromages, Produits à tartiner salés, Fromages de vache, Frais, Fromages de France, Fromages pasteurisés, Fromages à tartiner, Fromages à la crème, Fromages industriels, en:uncured-soft-cheese-spreadable-around-30-40-fat-flavoured, en:Cheeses (perishable)",https://world.openfoodfacts.org/product/3596710399437
P157,Camembert thermisé moulé à la louche,yaourt,"Marque Repère, Les Croisés",3564700843901,D,14,,1154,16,0,680,0.68,20,0.5,0,D,44,Non,0,Aucun,"Produits laitiers, Produits fermentés, Produits laitiers fermentés, Fromages, Fromages de vache, Fromages à pâte molle à croûte fleurie, Camemberts",https://world.openfoodfacts.org/product/3564700843901
P158,"Fromage Bûche de chèvre bio au lait pasteurisé 23% de MG, 180g",yaourt,"U, U Bio",3256223370438,D,15,272,1129,15,0,680,0.68,17,0.5,0,C,51,Oui,0,Aucun,"Produits laitiers,Produits fermentés,Produits laitiers fermentés,Fromages,Frais,Fromages de France,Fromages de chèvre,Fromages pasteurisés,Bûche de chèvre",https://world.openfoodfacts.org/product/3256223370438
P159,Tomme de Brebis,yaourt,Carrefour,3560070541607,D,16,413,1709,26,0.5,720,0.72,22,0,0,C,46,Non,5,"en:e150a, en:e202, en:e235, en:e330, en:e415","Produits laitiers,Produits fermentés,Produits laitiers fermentés,Fromages,Produits de montagne,Fromages de France,Fromages de montagne,Fromages pasteurisés,Fromages de brebis,Tommes,Tomme de brebis,Cremerie fromage",https://world.openfoodfacts.org/product/3560070541607
P160,Pont - l'Evêque AOP,yaourt,"Carrefour, Reflets de France",3245390019998,D,13,303,1258,16,0,640,0.64,21,0.5,0,D,43,Non,0,Aucun,"Produits laitiers, Produits fermentés, Produits laitiers fermentés, Fromages, Fromages de vache, Fromages de France, Fromages à pâte molle à croûte lavée, Pont-l'évêque, en:aoc-cheeses, en:labeled-cheeses, Petit Pont-L'Evêque, Produit frais",https://world.openfoodfacts.org/product/3245390019998
P161,"Fromage au lait de brebis pasteurisé 25% de MG, brique de 150g",yaourt,U,3256221098211,D,12,323,1341,20,0.5,440,0.44,19,0,0,E,29,Non,0,Aucun,"Produits laitiers, Produits fermentés, Produits laitiers fermentés, Fromages, Fromages à pâte molle à croûte fleurie, Fromages pasteurisés, Fromages de brebis",https://world.openfoodfacts.org/product/3256221098211
P162,Comté au lait cru,yaourt,Lidl,4056489362234,D,12,423,1754,23,0,328,0.328,27,0,0,D,42,Non,0,Aucun,"Produits laitiers,Produits fermentés,Produits laitiers fermentés,Fromages,Fromages à pâte pressée cuite,Fromages de France,Comté",https://world.openfoodfacts.org/product/4056489362234
P163,63023 Hochland Cașcaval clasic,yaourt,Hochland,5941238005113,D,15,328,1362,17,0.5,680,0.68,23,0,0,D,40,Non,0,Aucun,"Dairies, Fermented foods, Fermented milk products, Cheeses, en:cow-cheeses",https://world.openfoodfacts.org/product/5941238005113
P164,La Raclette de Caractère,yaourt,RichesMonts,3176582016283,D,15,347,1439,20,0.1,680,0.68,21,0,0,D,39,Non,2,"en:e150a, en:e235","Produits laitiers, Produits fermentés, Produits laitiers fermentés, Fromages, Fromages pasteurisés, Raclettes, Fromages en tranches",https://world.openfoodfacts.org/product/3176582016283
P165,Mimolette Hollandaise au lait pasteurisé 24% - barquette de 10 tranche,yaourt,U,3256225427239,D,15,320,1330,17,0.5,800,0.8,25,0,0,D,39,Non,2,"en:e160b, en:e160bii","Produits laitiers,Produits fermentés,Produits laitiers fermentés,Fromages,Fromages de vache,Fromages pasteurisés,Mimolettes",https://world.openfoodfacts.org/product/3256225427239
P166,Mini Babybel Goat  x6,yaourt,"Babybel, Mini babybel, bel",3073780881999,D,14,327,1356,18,0.5,640,0.64,21,0,0,C,49,Non,1,en:e202,"Dairies, Fermented foods, Fermented milk products, Cheeses, Fresh foods, French cheeses, Pasteurized cheeses, Industrial cheese, fr:FROMAGES DÉGUSTATIONS",https://world.openfoodfacts.org/product/3073780881999
P167,Bio-Feta,yaourt,"Natur pur, Spar Natur pur",9100000055275,D,16,290,1201,18,0.2,800,0.8,16,0,0,D,42,Oui,0,Aucun,"Dairies, Fermented foods, Fermented milk products, Cheeses, Greek cheeses, Feta, Feta blocs",https://world.openfoodfacts.org/product/9100000055275
P168,British mild cheddar,yaourt,Sainsbury's,1646474,D,16,416,1725,21.7,0.5,720,0.72,25.4,0.5,0,D,38,Oui,0,Aucun,"Dairies, Fermented foods, Fermented milk products, Cheeses, Cow cheeses, Cheeses from the United Kingdom, Cheeses from England, Cheddar cheese",https://world.openfoodfacts.org/product/01646474
P169,Mimolette,yaourt,Auchan,3596710016105,D,15,316,1314,17,0.5,800,0.8,25,0,0,D,43,Non,2,"en:e160b, en:e160bii","Produits laitiers, Produits fermentés, Produits laitiers fermentés, Fromages, Fromages de vache, Fromages de France, Fromages à pâte pressée non cuite, Mimolettes, Fromages pasteurisés, Fromages à pâte fondue, Fromages en tranches, en:Fromages-du-nord-pas-de-calais, en:Cheeses (perishable)",https://world.openfoodfacts.org/product/3596710016105
P170,Φέτα Ήπειρος σε Άλμη,yaourt,ΗΠΕΙΡΟΣ,5201415201616,D,18,271,1123,13.8,0.1,920,0.92,16,0,0,D,30,Non,0,Aucun,"Dairies, Fermented foods, Fermented milk products, Cheeses, Greek cheeses, Feta",https://world.openfoodfacts.org/product/5201415201616
P171,Vintage Cheddar,yaourt,Ivy’s Reserve,5021427912757,D,16,416,1725,21.7,0.5,720,0.72,25.4,0,0,D,43,Non,0,Aucun,"Dairies, Fermented foods, Fermented milk products, Cheeses, Cow cheeses, Cheeses from the United Kingdom, Cheeses from England, Cheddar cheese",https://world.openfoodfacts.org/product/5021427912757
P172,Cousteron,yaourt,"Bel, Cousteron",3073780817929,D,15,375,1555,21,0.5,680,0.68,23.5,0,0,C,59,Non,1,en:e235,"Produits laitiers, Produits fermentés, Produits laitiers fermentés, Fromages, Fromages de vache",https://world.openfoodfacts.org/product/3073780817929
P173,Raclette en tranches,yaourt,Monoprix,3350030152970,D,16,326,1362,17,0.5,750,0.75,23,0,0,D,39,Non,4,"en:e1105, en:e120, en:e160b, en:e235","Produits laitiers, Produits fermentés, Produits laitiers fermentés, Fromages, Fromages pasteurisés, Raclettes, Fromages en tranches",https://world.openfoodfacts.org/product/3350030152970
P174,Philadelphia Mousse,yaourt,Philadelphia,7622210743848,D,15,201,833,12,3,376,0.376,3.5,0.2,0,D,42,Non,5,"en:e14xx, en:e202, en:e412, en:e428, en:e941","Produits laitiers, Produits fermentés, Produits laitiers fermentés, Fromages, Produits à tartiner, Produits à tartiner salés, Fromages à tartiner",https://world.openfoodfacts.org/product/7622210743848
P175,Cantadou Raifort,yaourt,Cantadou,3073781124668,D,17,295,1216,19,3,520,0.52,6.5,0,6.3,D,42,Non,0,Aucun,"Dairies, Fermented foods, Fermented milk products, Cheeses, Cream cheeses, en:cheese-spreads",https://world.openfoodfacts.org/product/3073781124668
P176,Крема сирене натурално,yaourt,Olympus,5941875904145,D,14,227,939,13.7,4,300,0.3,5.5,0,0,C,45,Non,0,Aucun,"Млечни продукти, Ферментирали продукти, Ферментирали млечни продукти, Сирене, Крема сирене, ro:creme-brânză",https://world.openfoodfacts.org/product/5941875904145
P177,São Miguel Queijo ilha Velho,yaourt,"Unileite,LactAçores",5601883276008,D,17,411,1703,22,0.5,800,0.8,26,0,0,D,41,Non,2,"en:e1105, en:e235","Laticínios,Alimentos Fermentados,Produtos lácteos fermentados,Queijos,Queijos de vaca,en:Portuguese cheeses",https://world.openfoodfacts.org/product/5601883276008
P178,Greek feta Cheese,yaourt,Aldi,5202406000041,D,17,281,1166,16,0.5,880,0.88,16,0.6,0,E,22,Non,0,Aucun,"Dairies, Fermented foods, Fermented milk products, Cheeses, Greek cheeses, Feta, Feta blocs",https://world.openfoodfacts.org/product/5202406000041
P179,Greek feta,yaourt,Lidl,20157678,D,16,288,1193,17.9,0.2,800,0.8,16.2,0.5,0,E,22,Non,0,Aucun,"Dairies, Fermented foods, Fermented milk products, Cheeses, Greek cheeses, Feta",https://world.openfoodfacts.org/product/20157678
P180,Cranberry & Camamber Lattices,yaourt,Crestwood,4088600520674,D,16,347,1448,10,5.6,400,0.4,6.8,1.1,3.118055556,E,19,Non,2,"en:e330, en:e471","Camemberts,Cranberries",https://world.openfoodfacts.org/product/4088600520674
P181,Verse Geitenkaas Met Honing,yaourt,Albert Heijn,8718265513297,D,11,285,1185,16,8,240,0.24,16,0,0,E,22,Non,1,en:e202,"Dairies,Fermented foods,Fermented milk products,Cheeses,Goat cheeses",https://world.openfoodfacts.org/product/8718265513297
P182,Queijo Feta,yaourt,Pingo Doce,5607047008072,D,16,276,1143,16.1,0.7,800,0.8,16.5,0,0,E,22,Non,0,Aucun,en:Feta,https://world.openfoodfacts.org/product/5607047008072
P183,Yop,yaourt,Yoplait,56920130266,E,33,130,,1,19,65000,65,6,0,0,E,18,Non,0,Aucun,en:yogurt-drinks,https://world.openfoodfacts.org/product/0056920130266
P184,Yoghurt,yaourt,Crystal Valley,6001224005752,E,26,413,413,5.1,3.3,15000,15,3.8,0,0,B,67,Non,0,Aucun,Plain yogurts,https://world.openfoodfacts.org/product/6001224005752
P185,,yaourt,Aldi,4088700009185,E,26,93,390,4.3,4,35000,35,3.5,0.9,4.239823718,B,67,Non,0,Aucun,Cow milk yogurts,https://world.openfoodfacts.org/product/4088700009185
P186,Original balkan yogourt,yaourt,Astro,68200315904,E,23,90,100,2.5,10,30000,30,3,0,60.00228882,B,67,Non,1,en:e440,"Produits laitiers, Produits fermentés, Desserts, Produits laitiers fermentés, Desserts lactés, Desserts lactés fermentés, Yaourts",https://world.openfoodfacts.org/product/0068200315904
P187,Double cream vanilla yoghurt,yaourt,Lancewood,6009617224636,E,26,103,,3.2,9.8,34000,34,2.7,0.5,0,B,67,Non,8,"en:e1422, en:e1442, en:e14xx, en:e202, en:e235, en:e330, en:e331, en:e551",en:yogurts,https://world.openfoodfacts.org/product/6009617224636
P188,Yogurt yoplait de fresa,yaourt,yoplait,7501040091124,E,34,70,,0.9,11.9,34544,34.544,1.7,0,5,E,29,Non,4,"en:e110, en:e129, en:e202, en:e211","Boissons et préparations de boissons,Boissons,Produits laitiers,Produits fermentés,Produits laitiers fermentés,Desserts,Desserts lactés,Boissons lactées,Desserts lactés fermentés,Boissons fermentées,Boissons lactées fermentées,Yaourts,Yaourts à boire",https://world.openfoodfacts.org/product/7501040091124
P189,yaourts sur lit de Fraise,yaourt,,3701184800246,E,25,95,400,2.2,10,3200,3.2,3.2,0,0,B,73,Non,0,Aucun,"Produits laitiers, Produits fermentés, Desserts, Produits laitiers fermentés, Desserts lactés, Desserts lactés fermentés, Desserts lactés fermentés aux fruits, Yaourts, Yaourts aux fruits, Desserts lactés fermentés aromatisés, Yaourts aromatisés, Yaourts à la fraise",https://world.openfoodfacts.org/product/3701184800246
P190,Yogurt Alpura Bebible Durazno,yaourt,Alpura,7501055914838,E,31,69.6,293.8,1,11.3,39600,39.6,2.5,1,18.5,E,18,Non,3,"en:e202, en:e327, en:e440","es:Yogurt de durazno, en:yogurt-drinks",https://world.openfoodfacts.org/product/7501055914838
P191,โยเกิร์ต ดริ๊งค์,yaourt,"Foremost,โฟร์โมสต์",8850188804295,E,27,50,,0.625,6.25,37500,37.5,1.25,0,0,E,17,Non,0,Aucun,"เครื่องดื่ม,ผลิตภัณฑ์จากนม,อาหารหมัก,กลุ่มผลิตภัณฑ์นมเปรี้ยว,en:Desserts,en:Dairy desserts,en:Dairy drinks,en:Fermented dairy desserts,en:Fermented drinks,นมเปรี้ยว,en:Fermented milk drinks,en:Drinkable yogurts",https://world.openfoodfacts.org/product/8850188804295
P192,Rhubarb yogurt,yaourt,Dunnes Stores,5099874227816,E,26,116.8,,2.88,13.6,5440,5.44,2.8,0.32,0,B,64,Non,0,Aucun,"Dairies, Fermented foods, Desserts, Fermented milk products, Dairy desserts, Fermented dairy desserts, Fermented dairy desserts with fruits, Yogurts, Fruit yogurts, Rhubarb yogurts",https://world.openfoodfacts.org/product/5099874227816
P193,Apple,yaourt,President choice,60383044916,E,25,90,,0,16,10000,10,1,2,0,B,67,Non,0,Aucun,"Produits laitiers, Produits fermentés, Desserts, Produits laitiers fermentés, Desserts lactés, Desserts lactés fermentés, Yaourts",https://world.openfoodfacts.org/product/0060383044916
P194,LC1 Fraise,yaourt,Nestlé,7610100529566,E,25,98,,1.7,12,4052,4.052,4.2,0,17.5,B,67,Non,0,Aucun,"Produits laitiers,Produits fermentés,Produits laitiers fermentés,Desserts,Desserts lactés,Desserts lactés fermentés,Yaourts",https://world.openfoodfacts.org/product/7610100529566
P195,Joghurt Mild,yaourt,Ja,4337256877718,E,31,37,157,0,40,4400,4.4,41,0,0,B,67,Non,0,Aucun,en:yogurts,https://world.openfoodfacts.org/product/4337256877718
P196,Yoghurt con fresa,yaourt,Flor de Alfalfa,7503002671702,E,23,100.6,424,1.8,4.5,18040,18.04,2.8,0.2,30,B,66,Non,6,"en:e14xx, en:e202, en:e211, en:e412, en:e428, en:e440","Lácteos,Comidas fermentadas,Productos fermentados de la leche,Postres,Postres lácteos,en:Fermented dairy desserts,en:Fermented dairy desserts with fruits,Yogures,Yogures de frutas,Yogures con fresa",https://world.openfoodfacts.org/product/7503002671702
P197,Cheese Baron Yogurt,yaourt,Cheese Baron,8990931352885,E,25,160,0,6,2,5000,5,9,1,0,B,67,Non,0,Aucun,Yogurt,https://world.openfoodfacts.org/product/8990931352885
P198,Fresh yogurt Forest Fruits,yaourt,,9416892500107,E,26,98,412,1.7,14.4,43000,43,4.1,0,0,B,64,Non,4,"en:e162, en:e163, en:e322, en:e322i",Red fruit yoghurts,https://world.openfoodfacts.org/product/9416892500107
P199,Dairy Free coconut yogurt alternative,yaourt,Open Nature,79893161853,E,25,70.58823529,,5.294117647,0,5000,5,0.588235294,0,4.464285714,B,67,Non,0,Aucun,"Plant-based foods and beverages, Dairies, Fermented foods, Dairy substitutes, Desserts, Fermented milk products, Non-dairy desserts, Non-dairy fermented foods, Dairy desserts, Non-dairy yogurts, Fermented dairy desserts, Yogurts",https://world.openfoodfacts.org/product/0079893161853
P200,Dairy Co Yoghurt,yaourt,Dairy Co,737186350130,E,27,,493,6.23,1.6,31300,31.3,6.3,0.5,0,B,67,Non,0,Aucun,"Dairies,Fermented foods,Fermented milk products,Desserts,Dairy desserts,Fermented dairy desserts,Yogurts,Whole milk yogurts,Whole milk yoghurts",https://world.openfoodfacts.org/product/0737186350130
P201,Danio crunchy,yaourt,Danio,5410146421136,E,28,138,,4,14.7,8000,8,6.7,0.1,0,B,72,Non,0,Aucun,"Produits laitiers, Produits fermentés, Desserts, Produits laitiers fermentés, Desserts lactés, Desserts lactés fermentés, Yaourts",https://world.openfoodfacts.org/product/5410146421136
P202,Zerolacto,yaourt,Soprole,7802900235239,E,24,91,,1.86,9.2,50000,50,3.5,0,0,B,67,Non,2,"en:e202, en:e428",Yogures,https://world.openfoodfacts.org/product/7802900235239
P203,Chalo Dahl 3.25%,yaourt,Chalo,627985001022,E,23,69.6,,2.17,6.09,52200,52.2,4.35,0,0,B,67,Non,0,Aucun,Yogurt,https://world.openfoodfacts.org/product/0627985001022
P204,Greek yogurt,yaourt,"Price Chopper Supermarkets,Pics",41735060211,E,22,73.33333333,,0,9.333333333,33333.33333,33.33333333,8,0.666666667,27.91666667,B,72,Non,6,"en:e160a, en:e160ai, en:e270, en:e331, en:e410, en:e440","Dairies, Fermented foods, Desserts, Fermented milk products, Dairy desserts, Fermented dairy desserts, Yogurts, Greek-style yogurts",https://world.openfoodfacts.org/product/0041735060211
P205,Greek Yogurt Raspberry Pomegranate,yaourt,Our finest,628915561449,E,23,100,418,1,8,35000,35,8,0,0,B,67,Non,0,Aucun,"Dairies, Fermented foods, Desserts, Fermented milk products, Dairy desserts, Fermented dairy desserts, Yogurts",https://world.openfoodfacts.org/product/0628915561449
P206,"Clover valley, yogurt raisins, vanilla",yaourt,"Clover Valley,  Cibo Vita Inc",846548060133,E,30,450,,17.5,67.5,50,0.05,2.5,0,20,C,57,Non,4,"en:e14xx, en:e171, en:e322, en:e322i","Dairies, Fermented foods, Snacks, Desserts, Fermented milk products, Dairy desserts, Fermented dairy desserts, Yogurts",https://world.openfoodfacts.org/product/0846548060133
P207,"Torn & glasser, yogurt raisins",yaourt,"Torn & Glasser,  Torn & Glasser Inc",72488987111,E,30,450,,15,65,50,0.05,2.5,0,20,C,57,Non,5,"en:e171, en:e270, en:e322, en:e322i, en:e414","Dairies, Fermented foods, Snacks, Desserts, Fermented milk products, Dairy desserts, Fermented dairy desserts, Yogurts",https://world.openfoodfacts.org/product/0072488987111
P208,Manchego Cheese,yaourt,Tesco,5052910900708,E,20,454,1880,27.7,0.4,996,0.996,24,0.4,0,E,22,Non,1,en:e1105,"Dairies, Fermented foods, Fermented milk products, Cheeses, Sheep's-milk cheeses",https://world.openfoodfacts.org/product/5052910900708
